<?xml version="1.0" encoding="UTF-8"?>
<project-private xmlns="http://www.netbeans.org/ns/project-private/1">
    <editor-bookmarks xmlns="http://www.netbeans.org/ns/editor-bookmarks/2" lastBookmarkId="0"/>
    <open-files xmlns="http://www.netbeans.org/ns/projectui-open-files/2">
        <group>
            <file>file:/C:/Users/Mr%20Richy/Desktop/Session-Cookies/src/java/CookieSession.java</file>
            <file>file:/C:/Users/Mr%20Richy/Desktop/Session-Cookies/web/index.jsp</file>
            <file>file:/C:/Users/Mr%20Richy/Desktop/Session-Cookies/web/WEB-INF/web.xml</file>
            <file>file:/C:/Users/Mr%20Richy/Desktop/Session-Cookies/web/result.jsp</file>
        </group>
    </open-files>
</project-private>
